{
  "gpu_type": "H100",
  "padding": [
    300,
    300,
    0,
    0
  ],
  "timestamp": "2026-02-07T12:41:07.286763",
  "dimensions": [
    1800,
    550,
    199
  ],
  "voxels": 197010000,
  "voxels_M": 197.0,
  "status": "success",
  "sim_time": 76.89126634597778,
  "performance": 12810947807.358208,
  "gcells_per_s": 12.810947807358207,
  "sim_wall_time": 134.81819367408752
}