{
  "gpu_type": "H100",
  "padding": [
    374,
    374,
    0,
    0
  ],
  "timestamp": "2026-02-07T12:44:48.158612",
  "dimensions": [
    1800,
    624,
    199
  ],
  "voxels": 223516800,
  "voxels_M": 223.5,
  "status": "success",
  "sim_time": 78.61999130249023,
  "performance": 14215010476.153555,
  "gcells_per_s": 14.215010476153555,
  "sim_wall_time": 151.86648273468018
}